user_id,chat_id,text
12,1,Message number 0
3,3,Message number 1
5,2,Message number 2
20,3,Message number 3
1,1,Message number 4
6,4,Message number 5
16,2,Message number 6
19,2,Message number 7
15,3,Message number 8
9,3,Message number 9
18,3,Message number 10
8,5,Message number 11
14,5,Message number 12
13,5,Message number 13
19,5,Message number 14
16,4,Message number 15
13,5,Message number 16
16,1,Message number 17
15,4,Message number 18
16,1,Message number 19
14,4,Message number 20
9,5,Message number 21
11,1,Message number 22
13,2,Message number 23
20,5,Message number 24
20,5,Message number 25
20,3,Message number 26
6,5,Message number 27
14,1,Message number 28
10,1,Message number 29
12,3,Message number 30
9,4,Message number 31
11,5,Message number 32
12,1,Message number 33
7,3,Message number 34
11,1,Message number 35
13,1,Message number 36
12,3,Message number 37
18,5,Message number 38
6,1,Message number 39
7,1,Message number 40
4,5,Message number 41
7,1,Message number 42
9,4,Message number 43
4,4,Message number 44
18,5,Message number 45
2,4,Message number 46
14,2,Message number 47
6,2,Message number 48
11,4,Message number 49
1,4,Message number 50
6,5,Message number 51
1,4,Message number 52
13,3,Message number 53
2,5,Message number 54
8,2,Message number 55
4,2,Message number 56
4,5,Message number 57
6,5,Message number 58
18,3,Message number 59
10,2,Message number 60
8,2,Message number 61
10,1,Message number 62
9,1,Message number 63
16,5,Message number 64
15,2,Message number 65
18,4,Message number 66
8,1,Message number 67
9,4,Message number 68
10,3,Message number 69
8,1,Message number 70
16,1,Message number 71
5,1,Message number 72
14,3,Message number 73
10,2,Message number 74
15,2,Message number 75
11,5,Message number 76
20,5,Message number 77
5,4,Message number 78
10,4,Message number 79
6,3,Message number 80
20,2,Message number 81
10,1,Message number 82
5,2,Message number 83
17,4,Message number 84
17,3,Message number 85
5,3,Message number 86
18,3,Message number 87
11,2,Message number 88
6,5,Message number 89
14,5,Message number 90
8,2,Message number 91
5,2,Message number 92
2,2,Message number 93
14,5,Message number 94
10,2,Message number 95
16,2,Message number 96
18,3,Message number 97
17,1,Message number 98
7,4,Message number 99
12,2,Message number 100
2,4,Message number 101
15,2,Message number 102
4,3,Message number 103
7,4,Message number 104
6,5,Message number 105
16,3,Message number 106
12,1,Message number 107
2,5,Message number 108
6,3,Message number 109
9,4,Message number 110
2,3,Message number 111
5,5,Message number 112
11,4,Message number 113
14,3,Message number 114
11,1,Message number 115
10,3,Message number 116
5,1,Message number 117
1,2,Message number 118
1,4,Message number 119
11,3,Message number 120
13,2,Message number 121
19,1,Message number 122
9,3,Message number 123
3,1,Message number 124
7,2,Message number 125
19,3,Message number 126
10,3,Message number 127
1,2,Message number 128
11,1,Message number 129
2,4,Message number 130
4,5,Message number 131
9,2,Message number 132
11,5,Message number 133
13,4,Message number 134
12,4,Message number 135
17,1,Message number 136
18,5,Message number 137
12,2,Message number 138
6,5,Message number 139
16,2,Message number 140
13,2,Message number 141
2,4,Message number 142
4,5,Message number 143
16,1,Message number 144
5,3,Message number 145
11,2,Message number 146
12,3,Message number 147
12,2,Message number 148
17,4,Message number 149
4,5,Message number 150
17,1,Message number 151
10,1,Message number 152
4,4,Message number 153
16,5,Message number 154
13,1,Message number 155
3,2,Message number 156
20,3,Message number 157
3,4,Message number 158
15,5,Message number 159
7,2,Message number 160
7,1,Message number 161
13,5,Message number 162
7,2,Message number 163
6,2,Message number 164
1,2,Message number 165
8,5,Message number 166
9,4,Message number 167
20,4,Message number 168
7,5,Message number 169
3,3,Message number 170
19,3,Message number 171
10,5,Message number 172
1,3,Message number 173
13,3,Message number 174
19,3,Message number 175
16,5,Message number 176
6,2,Message number 177
19,4,Message number 178
11,3,Message number 179
17,2,Message number 180
2,4,Message number 181
9,3,Message number 182
4,2,Message number 183
14,3,Message number 184
19,2,Message number 185
20,2,Message number 186
20,2,Message number 187
15,3,Message number 188
5,1,Message number 189
12,2,Message number 190
11,3,Message number 191
3,5,Message number 192
11,3,Message number 193
2,1,Message number 194
20,2,Message number 195
13,1,Message number 196
6,4,Message number 197
5,3,Message number 198
20,1,Message number 199
13,4,Message number 200
1,1,Message number 201
5,3,Message number 202
5,4,Message number 203
16,5,Message number 204
19,5,Message number 205
4,5,Message number 206
6,4,Message number 207
6,3,Message number 208
15,3,Message number 209
2,4,Message number 210
17,2,Message number 211
17,3,Message number 212
11,4,Message number 213
8,5,Message number 214
10,1,Message number 215
1,2,Message number 216
1,3,Message number 217
19,2,Message number 218
15,4,Message number 219
17,5,Message number 220
5,2,Message number 221
5,4,Message number 222
13,1,Message number 223
1,1,Message number 224
6,3,Message number 225
12,1,Message number 226
3,4,Message number 227
5,4,Message number 228
14,2,Message number 229
8,4,Message number 230
2,4,Message number 231
7,4,Message number 232
17,2,Message number 233
18,3,Message number 234
18,3,Message number 235
3,2,Message number 236
18,4,Message number 237
15,5,Message number 238
16,3,Message number 239
1,2,Message number 240
7,3,Message number 241
5,2,Message number 242
17,1,Message number 243
2,5,Message number 244
6,5,Message number 245
11,2,Message number 246
1,3,Message number 247
1,3,Message number 248
18,3,Message number 249
18,5,Message number 250
6,4,Message number 251
15,1,Message number 252
13,2,Message number 253
12,1,Message number 254
18,3,Message number 255
6,2,Message number 256
12,4,Message number 257
3,5,Message number 258
5,4,Message number 259
1,5,Message number 260
7,1,Message number 261
5,4,Message number 262
15,1,Message number 263
4,2,Message number 264
12,4,Message number 265
19,1,Message number 266
10,4,Message number 267
10,5,Message number 268
5,2,Message number 269
19,5,Message number 270
5,5,Message number 271
5,5,Message number 272
2,1,Message number 273
19,2,Message number 274
12,5,Message number 275
5,2,Message number 276
7,2,Message number 277
17,5,Message number 278
16,1,Message number 279
8,4,Message number 280
14,4,Message number 281
12,5,Message number 282
8,1,Message number 283
20,4,Message number 284
11,5,Message number 285
1,5,Message number 286
13,3,Message number 287
12,3,Message number 288
20,1,Message number 289
8,3,Message number 290
16,3,Message number 291
12,5,Message number 292
9,2,Message number 293
4,5,Message number 294
20,4,Message number 295
15,1,Message number 296
20,3,Message number 297
19,3,Message number 298
10,3,Message number 299
11,2,Message number 300
7,3,Message number 301
16,3,Message number 302
4,2,Message number 303
7,4,Message number 304
10,2,Message number 305
15,5,Message number 306
10,2,Message number 307
7,1,Message number 308
19,5,Message number 309
2,3,Message number 310
2,3,Message number 311
14,4,Message number 312
6,1,Message number 313
19,1,Message number 314
7,1,Message number 315
1,3,Message number 316
11,2,Message number 317
5,3,Message number 318
5,5,Message number 319
20,2,Message number 320
18,3,Message number 321
8,5,Message number 322
15,1,Message number 323
13,4,Message number 324
10,5,Message number 325
4,5,Message number 326
1,5,Message number 327
15,2,Message number 328
15,5,Message number 329
5,4,Message number 330
7,1,Message number 331
14,3,Message number 332
14,4,Message number 333
17,2,Message number 334
6,5,Message number 335
4,3,Message number 336
2,3,Message number 337
20,2,Message number 338
10,3,Message number 339
11,5,Message number 340
9,1,Message number 341
15,3,Message number 342
18,2,Message number 343
17,2,Message number 344
2,5,Message number 345
8,5,Message number 346
15,2,Message number 347
15,2,Message number 348
10,4,Message number 349
11,4,Message number 350
14,1,Message number 351
10,3,Message number 352
20,4,Message number 353
11,2,Message number 354
20,4,Message number 355
9,2,Message number 356
17,2,Message number 357
20,1,Message number 358
14,2,Message number 359
1,2,Message number 360
6,5,Message number 361
5,4,Message number 362
12,5,Message number 363
10,4,Message number 364
2,1,Message number 365
1,4,Message number 366
8,1,Message number 367
2,3,Message number 368
1,2,Message number 369
18,1,Message number 370
16,4,Message number 371
4,3,Message number 372
12,3,Message number 373
15,4,Message number 374
6,4,Message number 375
2,3,Message number 376
5,4,Message number 377
8,3,Message number 378
9,5,Message number 379
14,2,Message number 380
6,3,Message number 381
10,3,Message number 382
9,4,Message number 383
2,3,Message number 384
3,2,Message number 385
15,4,Message number 386
1,4,Message number 387
6,4,Message number 388
12,3,Message number 389
10,5,Message number 390
13,3,Message number 391
20,5,Message number 392
12,2,Message number 393
20,3,Message number 394
12,3,Message number 395
3,3,Message number 396
9,5,Message number 397
15,2,Message number 398
14,5,Message number 399
6,5,Message number 400
10,3,Message number 401
20,5,Message number 402
3,3,Message number 403
10,3,Message number 404
2,1,Message number 405
17,2,Message number 406
19,2,Message number 407
1,4,Message number 408
8,2,Message number 409
10,4,Message number 410
9,5,Message number 411
13,5,Message number 412
5,2,Message number 413
7,2,Message number 414
11,2,Message number 415
13,4,Message number 416
12,1,Message number 417
9,1,Message number 418
11,3,Message number 419
20,1,Message number 420
5,1,Message number 421
17,2,Message number 422
4,3,Message number 423
5,2,Message number 424
8,1,Message number 425
20,4,Message number 426
19,4,Message number 427
18,4,Message number 428
20,2,Message number 429
14,1,Message number 430
15,3,Message number 431
10,1,Message number 432
20,3,Message number 433
10,4,Message number 434
18,3,Message number 435
17,3,Message number 436
13,1,Message number 437
17,1,Message number 438
1,2,Message number 439
3,4,Message number 440
16,1,Message number 441
15,4,Message number 442
10,4,Message number 443
19,5,Message number 444
20,3,Message number 445
13,3,Message number 446
11,1,Message number 447
11,1,Message number 448
5,2,Message number 449
11,1,Message number 450
4,1,Message number 451
8,2,Message number 452
20,5,Message number 453
12,5,Message number 454
14,3,Message number 455
19,4,Message number 456
20,4,Message number 457
19,1,Message number 458
11,5,Message number 459
17,3,Message number 460
13,4,Message number 461
11,5,Message number 462
6,2,Message number 463
7,3,Message number 464
19,2,Message number 465
14,4,Message number 466
5,3,Message number 467
7,4,Message number 468
3,4,Message number 469
13,5,Message number 470
15,1,Message number 471
13,5,Message number 472
8,1,Message number 473
18,1,Message number 474
13,1,Message number 475
20,4,Message number 476
20,4,Message number 477
6,2,Message number 478
14,4,Message number 479
5,3,Message number 480
18,4,Message number 481
11,3,Message number 482
2,4,Message number 483
17,4,Message number 484
11,5,Message number 485
11,5,Message number 486
1,5,Message number 487
12,2,Message number 488
17,2,Message number 489
17,1,Message number 490
15,1,Message number 491
18,4,Message number 492
7,2,Message number 493
4,3,Message number 494
10,1,Message number 495
14,4,Message number 496
8,4,Message number 497
12,5,Message number 498
5,5,Message number 499
18,2,Message number 500
8,4,Message number 501
3,2,Message number 502
18,5,Message number 503
9,1,Message number 504
13,2,Message number 505
2,2,Message number 506
10,3,Message number 507
2,2,Message number 508
15,4,Message number 509
14,1,Message number 510
4,4,Message number 511
16,4,Message number 512
4,1,Message number 513
14,2,Message number 514
18,4,Message number 515
5,2,Message number 516
8,5,Message number 517
18,2,Message number 518
8,2,Message number 519
8,4,Message number 520
18,2,Message number 521
2,5,Message number 522
17,4,Message number 523
6,2,Message number 524
16,3,Message number 525
13,4,Message number 526
3,4,Message number 527
13,4,Message number 528
3,4,Message number 529
8,3,Message number 530
5,1,Message number 531
19,4,Message number 532
8,4,Message number 533
4,4,Message number 534
16,3,Message number 535
11,2,Message number 536
2,2,Message number 537
8,1,Message number 538
7,1,Message number 539
17,4,Message number 540
8,2,Message number 541
1,1,Message number 542
19,2,Message number 543
17,2,Message number 544
1,4,Message number 545
5,2,Message number 546
13,3,Message number 547
1,2,Message number 548
12,3,Message number 549
15,5,Message number 550
12,4,Message number 551
9,1,Message number 552
1,1,Message number 553
6,1,Message number 554
8,2,Message number 555
8,3,Message number 556
10,3,Message number 557
1,4,Message number 558
6,1,Message number 559
5,2,Message number 560
15,2,Message number 561
6,4,Message number 562
4,4,Message number 563
12,1,Message number 564
18,1,Message number 565
11,2,Message number 566
14,1,Message number 567
12,5,Message number 568
8,4,Message number 569
14,5,Message number 570
8,5,Message number 571
13,4,Message number 572
1,2,Message number 573
7,4,Message number 574
15,5,Message number 575
12,1,Message number 576
4,4,Message number 577
7,2,Message number 578
15,3,Message number 579
3,4,Message number 580
6,2,Message number 581
12,5,Message number 582
5,3,Message number 583
12,4,Message number 584
7,5,Message number 585
1,5,Message number 586
2,1,Message number 587
3,1,Message number 588
12,1,Message number 589
14,4,Message number 590
16,1,Message number 591
1,3,Message number 592
1,1,Message number 593
18,1,Message number 594
12,3,Message number 595
8,1,Message number 596
11,5,Message number 597
10,1,Message number 598
15,3,Message number 599
13,2,Message number 600
12,1,Message number 601
4,2,Message number 602
14,3,Message number 603
8,4,Message number 604
18,2,Message number 605
13,1,Message number 606
4,5,Message number 607
20,2,Message number 608
14,1,Message number 609
17,3,Message number 610
1,4,Message number 611
2,5,Message number 612
17,4,Message number 613
20,1,Message number 614
11,4,Message number 615
8,3,Message number 616
6,2,Message number 617
11,2,Message number 618
6,1,Message number 619
5,3,Message number 620
1,1,Message number 621
19,5,Message number 622
9,3,Message number 623
15,3,Message number 624
11,3,Message number 625
14,1,Message number 626
9,3,Message number 627
2,4,Message number 628
2,2,Message number 629
3,4,Message number 630
20,2,Message number 631
10,3,Message number 632
2,2,Message number 633
4,2,Message number 634
17,1,Message number 635
3,2,Message number 636
20,5,Message number 637
19,1,Message number 638
13,3,Message number 639
18,3,Message number 640
20,5,Message number 641
16,1,Message number 642
7,1,Message number 643
10,3,Message number 644
18,2,Message number 645
1,1,Message number 646
13,5,Message number 647
8,5,Message number 648
7,1,Message number 649
13,1,Message number 650
11,5,Message number 651
19,5,Message number 652
12,4,Message number 653
14,1,Message number 654
19,3,Message number 655
15,2,Message number 656
16,2,Message number 657
10,1,Message number 658
9,3,Message number 659
8,3,Message number 660
10,4,Message number 661
17,5,Message number 662
8,4,Message number 663
10,3,Message number 664
3,1,Message number 665
8,5,Message number 666
17,4,Message number 667
11,4,Message number 668
11,5,Message number 669
7,5,Message number 670
2,1,Message number 671
19,3,Message number 672
17,2,Message number 673
16,5,Message number 674
7,2,Message number 675
2,3,Message number 676
18,4,Message number 677
11,3,Message number 678
9,1,Message number 679
18,1,Message number 680
3,1,Message number 681
10,4,Message number 682
5,2,Message number 683
3,4,Message number 684
18,5,Message number 685
15,4,Message number 686
4,1,Message number 687
13,5,Message number 688
17,4,Message number 689
10,2,Message number 690
10,3,Message number 691
9,1,Message number 692
1,1,Message number 693
5,5,Message number 694
14,1,Message number 695
17,1,Message number 696
11,3,Message number 697
12,3,Message number 698
11,3,Message number 699
6,3,Message number 700
11,1,Message number 701
11,4,Message number 702
14,3,Message number 703
11,4,Message number 704
15,3,Message number 705
10,3,Message number 706
2,5,Message number 707
2,5,Message number 708
9,1,Message number 709
14,4,Message number 710
14,1,Message number 711
14,4,Message number 712
19,1,Message number 713
15,5,Message number 714
17,2,Message number 715
18,5,Message number 716
12,4,Message number 717
4,2,Message number 718
20,1,Message number 719
12,2,Message number 720
17,2,Message number 721
15,4,Message number 722
14,4,Message number 723
9,4,Message number 724
2,5,Message number 725
13,3,Message number 726
12,1,Message number 727
20,3,Message number 728
16,1,Message number 729
7,1,Message number 730
10,3,Message number 731
8,3,Message number 732
17,2,Message number 733
11,2,Message number 734
15,1,Message number 735
11,2,Message number 736
8,5,Message number 737
1,3,Message number 738
5,1,Message number 739
4,2,Message number 740
9,5,Message number 741
19,1,Message number 742
20,1,Message number 743
10,5,Message number 744
12,1,Message number 745
8,5,Message number 746
12,5,Message number 747
15,1,Message number 748
15,4,Message number 749
13,4,Message number 750
18,5,Message number 751
3,1,Message number 752
3,5,Message number 753
16,5,Message number 754
19,1,Message number 755
5,4,Message number 756
20,5,Message number 757
4,3,Message number 758
13,5,Message number 759
20,3,Message number 760
17,2,Message number 761
18,3,Message number 762
9,5,Message number 763
3,4,Message number 764
18,5,Message number 765
15,5,Message number 766
8,1,Message number 767
3,5,Message number 768
13,3,Message number 769
7,5,Message number 770
3,2,Message number 771
13,4,Message number 772
12,2,Message number 773
9,5,Message number 774
8,5,Message number 775
8,3,Message number 776
1,4,Message number 777
12,1,Message number 778
8,1,Message number 779
15,5,Message number 780
3,1,Message number 781
17,2,Message number 782
4,2,Message number 783
13,2,Message number 784
6,1,Message number 785
11,1,Message number 786
5,4,Message number 787
8,4,Message number 788
1,1,Message number 789
12,4,Message number 790
5,4,Message number 791
9,1,Message number 792
16,5,Message number 793
12,2,Message number 794
11,4,Message number 795
6,1,Message number 796
1,2,Message number 797
2,4,Message number 798
14,5,Message number 799
5,1,Message number 800
3,2,Message number 801
14,5,Message number 802
6,4,Message number 803
12,2,Message number 804
5,5,Message number 805
16,5,Message number 806
12,5,Message number 807
6,4,Message number 808
8,5,Message number 809
4,1,Message number 810
19,5,Message number 811
15,2,Message number 812
10,5,Message number 813
14,4,Message number 814
1,5,Message number 815
1,3,Message number 816
20,5,Message number 817
2,2,Message number 818
2,4,Message number 819
20,4,Message number 820
18,5,Message number 821
13,1,Message number 822
3,1,Message number 823
10,4,Message number 824
20,2,Message number 825
4,3,Message number 826
11,4,Message number 827
13,2,Message number 828
14,4,Message number 829
13,3,Message number 830
13,2,Message number 831
6,5,Message number 832
3,5,Message number 833
17,5,Message number 834
4,2,Message number 835
19,5,Message number 836
9,1,Message number 837
9,2,Message number 838
16,5,Message number 839
7,1,Message number 840
3,3,Message number 841
11,2,Message number 842
18,5,Message number 843
2,1,Message number 844
14,5,Message number 845
5,3,Message number 846
6,1,Message number 847
1,3,Message number 848
1,3,Message number 849
11,3,Message number 850
14,4,Message number 851
15,3,Message number 852
5,3,Message number 853
10,5,Message number 854
13,3,Message number 855
5,4,Message number 856
2,2,Message number 857
3,4,Message number 858
8,3,Message number 859
17,3,Message number 860
14,3,Message number 861
16,1,Message number 862
7,3,Message number 863
8,4,Message number 864
15,1,Message number 865
2,3,Message number 866
4,2,Message number 867
16,4,Message number 868
5,1,Message number 869
14,4,Message number 870
15,5,Message number 871
8,2,Message number 872
14,5,Message number 873
17,4,Message number 874
6,4,Message number 875
13,4,Message number 876
15,2,Message number 877
16,1,Message number 878
8,1,Message number 879
2,4,Message number 880
16,5,Message number 881
13,4,Message number 882
7,3,Message number 883
4,3,Message number 884
11,4,Message number 885
4,5,Message number 886
8,4,Message number 887
19,3,Message number 888
10,1,Message number 889
9,1,Message number 890
1,3,Message number 891
2,1,Message number 892
9,3,Message number 893
16,3,Message number 894
5,3,Message number 895
4,2,Message number 896
15,1,Message number 897
18,4,Message number 898
15,5,Message number 899
12,2,Message number 900
16,2,Message number 901
19,1,Message number 902
20,5,Message number 903
18,1,Message number 904
5,3,Message number 905
8,2,Message number 906
16,4,Message number 907
16,1,Message number 908
10,3,Message number 909
17,5,Message number 910
3,2,Message number 911
12,3,Message number 912
9,1,Message number 913
16,4,Message number 914
15,1,Message number 915
6,3,Message number 916
10,2,Message number 917
4,2,Message number 918
20,1,Message number 919
20,2,Message number 920
4,4,Message number 921
15,5,Message number 922
2,1,Message number 923
8,4,Message number 924
7,1,Message number 925
5,5,Message number 926
19,1,Message number 927
18,4,Message number 928
11,1,Message number 929
7,5,Message number 930
9,3,Message number 931
18,2,Message number 932
9,1,Message number 933
9,1,Message number 934
12,4,Message number 935
12,3,Message number 936
9,5,Message number 937
5,4,Message number 938
4,4,Message number 939
10,3,Message number 940
12,5,Message number 941
10,1,Message number 942
10,4,Message number 943
15,2,Message number 944
5,5,Message number 945
5,2,Message number 946
12,3,Message number 947
17,3,Message number 948
8,3,Message number 949
19,5,Message number 950
7,2,Message number 951
16,2,Message number 952
8,5,Message number 953
8,2,Message number 954
16,1,Message number 955
12,1,Message number 956
16,4,Message number 957
13,3,Message number 958
10,1,Message number 959
11,4,Message number 960
14,2,Message number 961
14,5,Message number 962
5,3,Message number 963
17,3,Message number 964
7,2,Message number 965
4,5,Message number 966
12,3,Message number 967
18,5,Message number 968
6,2,Message number 969
7,1,Message number 970
4,3,Message number 971
1,3,Message number 972
11,3,Message number 973
16,5,Message number 974
11,1,Message number 975
13,4,Message number 976
1,1,Message number 977
10,5,Message number 978
19,2,Message number 979
8,4,Message number 980
15,2,Message number 981
7,1,Message number 982
18,3,Message number 983
1,3,Message number 984
5,4,Message number 985
12,1,Message number 986
16,5,Message number 987
5,4,Message number 988
16,4,Message number 989
17,1,Message number 990
13,1,Message number 991
18,5,Message number 992
18,2,Message number 993
2,5,Message number 994
17,2,Message number 995
7,1,Message number 996
1,4,Message number 997
1,5,Message number 998
5,4,Message number 999
